{
  "optimal_mtf": 0.6727568114021729,
  "per_scene": {
    "K3A_20160530044124_06517_00023477_L1R": 0.7588680492921416,
    "K3A_20160530044124_06517_00043496_L1R": 0.8718938409883937,
    "K3A_20160530044124_06517_00052160_L1R": 0.8761125678350485,
    "K3A_20170215043047_10461_00025493_L1R": 0.8766154669601655,
    "K3A_20170215043047_10461_00046379_L1R": 0.8676067518117987,
    "K3A_20170215043047_10461_00067260_L1R": 0.8594115018296606,
    "K3A_20170215043047_10461_00088145_L1R": 0.841373356202457,
    "K3A_20170223044142_10582_00004060_L1R": 0.1295222577446854,
    "K3A_20170223044142_10582_00019908_L1R": 0.19272790918675034,
    "K3A_20170223044142_10582_00038309_L1R": 0.0502380285447617,
    "K3A_20170223044142_10582_00056713_L1R": 0.2000532292922916,
    "K3A_20170223044142_10582_00075117_L1R": 0.08215312746922321,
    "K3A_20171021044156_14209_00264692_L1R": 0.5866455735122043,
    "K3A_20171021044156_14209_00284758_L1R": 0.12309141696821395,
    "K3A_20171021044156_14209_00304862_L1R": 0.09106528654865863,
    "K3A_20171021044156_14209_00324947_L1R": 0.07119552875008707,
    "K3A_20171021044156_14209_00345043_L1R": 0.4204538606658421,
    "K3A_20171021044156_14209_00365138_L1R": 0.5640505845703345,
    "K3A_20171109042614_14496_00205907_L1R": 0.8504291997054922,
    "K3A_20171109042614_14496_00224307_L1R": 0.841045372743854,
    "K3A_20171109042614_14496_00242720_L1R": 0.8686421252622584
  }
}